{
  "config": "./demo/config.yaml",
  "final_mae": 0.033174,
  "final_mse": 0.004309,
  "final_r2": 0.948099,
  "final_rmse": 0.065639,
  "rounds_completed": 10,
  "timestamp": "2026-06-25T21:20:47+02:00"
}