{
  "weights": [
    0.0045325810952251576,
    0.0045325810952251576,
    0.0045325810952251576,
    0.0045325810952251576,
    0.0045325810952251576,
    0.0045325810952251576,
    0.0045325810952251576,
    0.0045325810952251576,
    -0.0010848887824075335,
    -0.0010848887824075335,
    -0.0010848887824075335,
    -0.0010848887824075335,
    -0.0010848887824075335,
    -0.0010848887824075335,
    -0.0010848887824075335,
    -0.0010848887824075335,
    0.0016012523180758853,
    0.0016012523180758853,
    0.0016012523180758853,
    0.0016012523180758853,
    0.0016012523180758853,
    0.0016012523180758853,
    0.0016012523180758853,
    0.0016012523180758853,
    0.3382681212318129,
    0.3382681212318129,
    0.3382681212318129,
    0.3382681212318129,
    0.3382681212318129,
    0.3382681212318129,
    0.3382681212318129,
    0.3382681212318129,
    0.01711813489559807,
    0.01711813489559807,
    0.01711813489559807,
    0.01711813489559807,
    0.01711813489559807,
    0.01711813489559807,
    0.01711813489559807,
    0.01711813489559807,
    -0.0008489130138371875,
    -0.0008489130138371875,
    -0.0008489130138371875,
    -0.0008489130138371875,
    -0.0008489130138371875,
    -0.0008489130138371875,
    -0.0008489130138371875,
    -0.0008489130138371875,
    0.13882597430531324,
    0.04572455786408981,
    0.30461095549747236,
    0.13882597430531324,
    0.04572455786408981,
    0.30461095549747236,
    0.13882597430531324,
    0.04572455786408981,
    0.30461095549747236,
    0.13882597430531324,
    0.04572455786408981,
    0.30461095549747236,
    0.13882597430531324,
    0.04572455786408981,
    0.30461095549747236,
    0.13882597430531324,
    0.04572455786408981,
    0.30461095549747236,
    0.13882597430531324,
    0.04572455786408981,
    0.30461095549747236,
    0.13882597430531324,
    0.04572455786408981,
    0.30461095549747236,
    0.2180334209475912,
    0.496616608454675,
    0.14445572928474226
  ],
  "round_id": 10,
  "samples": 800
}