{
  "weights": [
    0.0038447681486614553,
    0.0038447681486614553,
    0.0038447681486614553,
    0.0038447681486614553,
    0.0038447681486614553,
    0.0038447681486614553,
    0.0038447681486614553,
    0.0038447681486614553,
    0.0006297748771802446,
    0.0006297748771802446,
    0.0006297748771802446,
    0.0006297748771802446,
    0.0006297748771802446,
    0.0006297748771802446,
    0.0006297748771802446,
    0.0006297748771802446,
    0.0021793404546077972,
    0.0021793404546077972,
    0.0021793404546077972,
    0.0021793404546077972,
    0.0021793404546077972,
    0.0021793404546077972,
    0.0021793404546077972,
    0.0021793404546077972,
    0.3377465260917413,
    0.3377465260917413,
    0.3377465260917413,
    0.3377465260917413,
    0.3377465260917413,
    0.3377465260917413,
    0.3377465260917413,
    0.3377465260917413,
    0.018189424167100232,
    0.018189424167100232,
    0.018189424167100232,
    0.018189424167100232,
    0.018189424167100232,
    0.018189424167100232,
    0.018189424167100232,
    0.018189424167100232,
    -0.0011815433772268044,
    -0.0011815433772268044,
    -0.0011815433772268044,
    -0.0011815433772268044,
    -0.0011815433772268044,
    -0.0011815433772268044,
    -0.0011815433772268044,
    -0.0011815433772268044,
    0.13751881362922821,
    0.04572600181473448,
    0.304617492676222,
    0.13751881362922821,
    0.04572600181473448,
    0.304617492676222,
    0.13751881362922821,
    0.04572600181473448,
    0.304617492676222,
    0.13751881362922821,
    0.04572600181473448,
    0.304617492676222,
    0.13751881362922821,
    0.04572600181473448,
    0.304617492676222,
    0.13751881362922821,
    0.04572600181473448,
    0.304617492676222,
    0.13751881362922821,
    0.04572600181473448,
    0.304617492676222,
    0.13751881362922821,
    0.04572600181473448,
    0.304617492676222,
    0.22352534858747117,
    0.4963446321720413,
    0.14264196009851615
  ],
  "round_id": 10,
  "samples": 800
}